wavelengths,counts,radiance
339.673,0.0037159024598719514,5.1089
340.054,0.0037159024598719514,5.1089
340.435,0.0037159024598719514,5.1089
340.816,0.0037552839715192937,5.109245691428572
341.197,0.0038340469948139697,5.109680575714285
341.578,0.0037458666535166657,5.1099
341.959,0.003796891394694523,5.1099
342.339,0.0037670984250134884,5.1099
342.72,0.0037667559770861204,5.1099
343.101,0.003727545689402466,5.1099
343.482,0.003776173295088748,5.108656032
343.862,0.003758708450792972,5.107268054857142
344.243,0.0037206967308551094,5.1067
344.624,0.003725491001838259,5.1067
345.004,0.003756653763228765,5.1067
345.385,0.0037383327991145653,5.1067
345.765,0.0037112794128524814,5.1067
346.146,0.003770009232396119,5.204713204000007
346.526,0.00369312967270197,5.303693324000007
346.906,0.003716758579690375,5.334899999999999
347.287,0.0036611107914930404,5.334899999999999
347.667,0.0036561452965462107,5.334899999999999
348.047,0.0036498100098898935,5.334899999999999
348.427,0.004438467586618783,5.3426166090000065
348.808,0.006442130409649905,5.443988136000001
349.188,0.006465074420783574,5.545093596000002
349.568,0.006472094603294619,5.568
349.948,0.006450349159906741,5.568
350.328,0.006561815960265082,5.568
350.708,0.0067332111479128445,5.568
351.088,0.006795536670693856,5.585928434285722
351.467,0.006688350469427617,5.696025497857142
351.847,0.006623970259082399,5.806413055
352.227,0.006528256063383002,5.8225
352.607,0.006582876507798225,5.8225
352.986,0.006610957237842412,5.8225
353.366,0.006609758670096629,5.8225
353.746,0.006537844605349309,5.849154273714282
354.125,0.006536988485530886,5.959640678571433
354.505,0.0065926362737282205,6.07041860428572
354.884,0.006605649294968206,6.0779000000000005
355.264,0.00668458354222657,6.0779000000000005
355.643,0.006651366093271858,6.023268331142866
356.022,0.006658386275782902,5.935623281714288
356.402,0.006699480027067084,5.8753
356.781,0.00666318054676606,5.8753
357.16,0.006775503466942817,5.8753
357.54,0.006716602423435492,5.8753
357.919,0.006747251512934942,5.8753
358.298,0.00676420268533967,5.811398977428572
358.677,0.006785092008909125,5.719298133285709
359.056,0.006777386930543337,5.6624
359.435,0.00685306792249171,5.6624
359.814,0.006885771699555367,5.6624
360.193,0.006942275607571117,5.6624
360.572,0.007028230037340526,5.6624
360.95,0.007092781471649425,5.884971157142844
361.329,0.007088158424629947,6.179226648857151
361.708,0.007046551001454718,6.3426
362.087,0.007098431862450998,6.3426
362.465,0.007089356992375739,6.3426
362.844,0.007247225486892459,6.3426
363.222,0.007248937726529306,6.3426
363.601,0.007298763899961372,6.588033292857138
363.979,0.007423586169487067,6.887897992857134
364.358,0.007513992422312258,7.0376
364.736,0.007726995033135265,7.0376
365.115,0.007847879151496219,7.0376
365.493,0.007887945558998296,7.0376
365.871,0.008141870697141788,7.0376
366.249,0.008348709245272158,7.1264774380000055
366.628,0.008571129174097785,7.228830935999998
367.006,0.008587909122538826,7.2742
367.384,0.008720094022502933,7.2742
367.762,0.008867175407307571,7.2742
368.14,0.009035317339645334,7.2742
368.518,0.009187706667324168,7.2742
368.896,0.009312528936849857,7.369600473142861
369.274,0.009424851857026621,7.473280311142859
369.652,0.00971918585059956,7.5145
370.03,0.010091597971612439,7.5145
370.407,0.010433361003125866,7.5145
370.785,0.010603900070955213,7.5145
371.163,0.010651500332859384,7.5145
371.54,0.01076399447699983,7.332838017142848
371.918,0.011215683293198431,7.143944829142851
372.296,0.011586725622501846,7.0767
372.673,0.011447349316062998,7.0767
373.051,0.011472348014760875,7.014168568285734
373.428,0.011770448935534859,6.8214719120000105
373.805,0.01196495935827998,6.6289
374.183,0.011632099972878122,6.6289
374.56,0.01185760193305006,6.6289
374.937,0.012269224341746593,6.6289
375.315,0.012413737367095959,6.6289
375.692,0.012760637117519914,6.699733894285705
376.069,0.013826848739380693,6.897465277857143
376.446,0.014622184050693252,7.0884
376.823,0.014694611787331618,7.0884
377.2,0.015026786276878739,7.0884
377.577,0.015847120286889175,7.0884
377.954,0.016863334511354203,7.0884
378.331,0.018157274004914813,7.16625120728571
378.708,0.019111676378489893,7.367597266857149
379.085,0.019525524698714318,7.5563
379.461,0.01907726036178939,7.5563
379.838,0.018310348228448382,7.5563
380.215,0.018031253167643327,7.5563
380.592,0.018555712168407672,7.5563
380.968,0.019731849574953633,7.434296284571434
381.345,0.021242044934647236,7.136558864999991
381.721,0.021468745462564956,6.864400000000001
382.098,0.020797547524923365,6.864400000000001
382.474,0.019623293581977924,6.864400000000001
382.851,0.018752448502680687,6.864400000000001
383.227,0.01801875381829439,6.864400000000001
383.603,0.017642574770080462,6.734351829142869
383.979,0.017577167215953142,6.431009424571453
384.356,0.01819597062070741,6.1576
384.732,0.019819173796432513,6.1576
385.108,0.022441126352326868,6.1576
385.484,0.02455933800706265,6.1576
385.86,0.025198174615567958,6.1576
386.236,0.024681078245242027,6.315180720571399
386.612,0.024842884890923487,6.672299021142867
386.988,0.025889919428851653,6.989700000000001
387.364,0.02717409915648227,6.989700000000001
387.74,0.027399943564581565,6.989700000000001
388.116,0.02789032899657278,6.989700000000001
388.491,0.02839150153827609,6.989700000000001
388.867,0.028921439705878314,7.1528424154285695
389.243,0.02937073138658535,7.5166129617142685
389.618,0.0309923935466373,7.837300000000001
389.994,0.03446070615502207,7.837300000000001
390.37,0.037108684753396404,7.837300000000001
390.745,0.037772006388708534,7.606481237142853
391.121,0.0393417876877642,7.311722375428598
391.496,0.04071466142858316,7.150499999999999
391.871,0.04345989523833006,7.150499999999999
392.247,0.04426824357088261,7.150499999999999
392.622,0.04264024612417436,7.150499999999999
392.997,0.03911542960777383,7.150499999999999
393.372,0.034384853939110026,6.915803543999987
393.748,0.028421294507957124,6.61477869600002
394.123,0.02583512776047274,6.4491
394.498,0.029265086200992284,6.4491
394.873,0.03671555453277775,6.4491
395.248,0.04312292647779978,6.4491
395.623,0.04923305362186625,6.4491
395.998,0.05057373725751263,7.2763515191428345
396.373,0.050369295844873825,8.342888108428502
396.747,0.045983222791142385,8.9408
397.122,0.03864524860349734,8.9408
397.497,0.0328952054550585,8.9408
397.872,0.036064389798887174,8.9408
398.246,0.04525124034639293,8.9408
398.621,0.05660047833126494,9.768535620999952
398.996,0.06272396094449878,10.85544671028562
399.37,0.06636538098016816,11.69048108558177
399.745,0.0697792443681014,12.188273336765889
400.119,0.07137556538152809,12.630317748591025
400.493,0.07252995734468617,12.478394193461638
400.868,0.0749356540344475,12.326064425617984
401.242,0.07476134803941713,12.099076935512555
401.616,0.076320171004797,11.846275267461037
401.991,0.08015096474430097,11.695
402.365,0.08144216465444264,11.695
402.739,0.08435742386012782,11.695
403.113,0.08529898443642658,11.695
403.487,0.08297941340039833,11.695
403.861,0.08309790038326773,11.761692501142855
404.235,0.08287582290236947,11.85441394
404.609,0.08671569151194869,11.9122
404.983,0.08512125396212251,11.9122
405.357,0.08532860618214394,11.9122
405.731,0.08701721691199636,11.9122
406.105,0.08694941222237747,11.9122
406.478,0.08968831074546804,12.002717427714291
406.852,0.08801699363594771,12.134072799428559
407.226,0.088829280119665,12.219899999999999
407.599,0.08964379251491017,12.219899999999999
407.973,0.09317939614102277,12.220089954000002
408.346,0.09458651467457857,12.352669393714288
408.72,0.09673897112205118,12.485604274285729
409.093,0.10320010739167002,12.5313
409.467,0.1085690059969481,12.5313
409.84,0.10628830280067612,12.5313
410.213,0.10378672069125171,12.5313
410.587,0.09793702519594871,12.5313
410.96,0.09711429405044668,12.622705842355801
411.333,0.10292323824239284,12.717610416560712
411.706,0.1121886805892296,12.796240543872807
412.079,0.12166370106761563,12.864654765667908
412.452,0.11970250178757817,12.9149
412.825,0.12047489308775708,12.9149
413.198,0.12446971938447039,12.9149
413.571,0.12165103049430302,13.063146248857157
413.944,0.12151987293812101,13.224847184000014
414.317,0.12529347787375453,13.2947
414.69,0.12819127223514393,13.2947
415.062,0.1290016752552607,13.2947
415.435,0.12955438621003287,13.2947
415.808,0.1257518444245368,13.2947
416.18,0.1278043060772179,13.237427128571426
416.553,0.13390056408022594,13.171222559285711
416.925,0.1349445165868078,13.139199999999999
417.298,0.13634495738577992,13.139199999999999
417.67,0.13496026919146675,13.139199999999999
418.043,0.1306760743961273,13.139199999999999
418.415,0.1271461211608163,13.139199999999999
418.788,0.1300923719039283,13.084423107999996
419.16,0.13324888567444435,13.017037274285707
419.532,0.1310274259696071,12.980500000000001
419.904,0.13733103619263654,12.980500000000001
420.276,0.136447349316063,12.980500000000001
420.648,0.1306872039537668,12.980500000000001
421.021,0.13683637016155323,12.980500000000001
421.393,0.1390794040858147,12.981264595428572
421.765,0.14651394858897757,12.982283662857144
422.136,0.14364098170232234,12.9829
422.508,0.14347523690547614,12.9829
422.88,0.13614959084321637,12.9829
423.252,0.13717779074513928,12.9829
423.624,0.13559465397691625,12.9829
423.996,0.14005469578295923,12.983334580000001
424.367,0.14327130916472844,12.983969785
424.739,0.14845271752977243,12.984399999999999
425.11,0.14661616929529694,12.984399999999999
425.482,0.14785565956840602,12.984399999999999
425.854,0.14759471424775147,12.717209269428588
426.225,0.1495555710798616,12.441572646428554
426.596,0.14723771228347018,12.333499999999999
426.968,0.15573298924165588,12.333499999999999
427.339,0.15382418449450574,12.333499999999999
427.71,0.14737041085532532,12.333499999999999
428.082,0.1491672351302261,12.333499999999999
428.453,0.15532033948917728,12.083994671571455
428.824,0.1574046487991036,11.803784572571422
429.195,0.15720397431366587,11.671800000000001
429.566,0.16011443924836788,11.671800000000001
429.937,0.15181504250463673,11.671800000000001
430.308,0.14646788934274654,11.671800000000001
430.679,0.13431920667143354,11.671800000000001
431.05,0.12754181974089018,12.043264842857146
431.421,0.1288109317597166,12.504084896857131
431.792,0.14430344721781607,12.76
432.163,0.16926687377917315,12.76
432.533,0.19183641810426305,12.76
432.904,0.19207750144513025,12.76
433.275,0.19407619877321453,12.76
433.645,0.19428988627989227,13.094277106428537
434.016,0.1992202803141754,13.560898699428595
434.386,0.18979902416038616,13.8619
434.757,0.18873675068969012,13.8619
435.127,0.19676715458647356,13.8619
435.498,0.20873656576780933,13.8619
435.868,0.21253979244916016,13.8619
436.238,0.21753542281360697,13.917727394857142
436.609,0.22549973426040834,14.007587728857139
436.979,0.23504666880354175,14.074100000000001
437.349,0.2395347913396289,14.074100000000001
437.719,0.23480609913456557,14.074100000000001
438.089,0.22828897262882206,14.074100000000001
438.459,0.22777461584191508,14.074100000000001
438.829,0.21096213484777504,14.121337526000001
439.199,0.20908055471085063,14.211800306000004
439.569,0.21791108818992982,14.288300000000001
439.939,0.2361786304274572,14.288300000000001
440.309,0.2373989436166337,14.288300000000001
440.679,0.24387908574622144,14.505208875714276
441.048,0.22615295368186314,14.78024408
441.418,0.24485300765165652,14.941300000000002
441.788,0.2505146992348344,14.941300000000002
442.157,0.25939848336661925,14.946489302189812
442.527,0.25794051131584933,15.060609171740888
442.896,0.26610018930521423,15.1744206092121
443.266,0.26754155263150686,15.319658752604642
443.635,0.2650759275544561,15.47945048313342
444.005,0.26703849662620305,15.5909
444.374,0.2615728564814434,15.5909
444.743,0.26429874198329406,15.5909
445.113,0.2610040504740849,15.5909
445.482,0.27505845586120176,15.5909
445.851,0.2665921157528786,15.734452758285725
446.22,0.25558823650275736,15.991039965714304
446.589,0.25287382300647365,16.2001
446.958,0.2568451916201622,16.2001
447.327,0.27232281059342117,16.2001
447.696,0.27957294688769624,16.2001
448.065,0.28325957004977825,16.2001
448.434,0.2883944054967002,16.31361642657146
448.803,0.2817142737775294,16.57353101242857
449.172,0.28747869973891765,16.8172
449.541,0.29155930924143675,16.8172
449.909,0.28382204077048045,16.8172
450.278,0.29777508157109633,16.8172
450.647,0.3045454483191286,16.8172
451.015,0.30795229152455084,16.810194154999998
451.384,0.3154873444943962,16.787492168
451.752,0.32841287028894384,16.764851704
452.121,0.3163294239477945,16.7633
452.489,0.31526509578953427,16.7633
452.857,0.30870636186061545,16.7633
453.226,0.3041747484377526,16.7633
453.594,0.29702563428205103,16.759024074285715
453.962,0.30559864691974936,16.734661422857144
454.33,0.30952018936000586,16.710298771428572
454.699,0.32659173221119997,16.7053
455.067,0.3185864982370781,16.7053
455.435,0.3224924592966393,16.7053
455.803,0.3198794103868566,16.7053
456.171,0.33058330525260327,16.707755299000006
456.539,0.34193459792503944,16.775676690999997
456.906,0.35533492777088316,16.843413513999998
457.274,0.3538108632701311,16.866999999999997
457.642,0.36418840526109597,16.866999999999997
458.01,0.36550066571877077,16.88559196142857
458.378,0.34091838370057453,16.953933399142855
458.745,0.3574581049205658,17.022089126428575
459.113,0.35778993696218553,17.0297
459.48,0.365722743199669,17.0297
459.848,0.3633617359644292,17.0297
460.215,0.3652777321180541,17.0297
460.583,0.3678404411825138,17.02798590071428
460.95,0.3834990438853868,17.013952607142855
461.318,0.38721117941805766,16.999881075714285
461.685,0.389377333782625,16.996199999999998
462.052,0.4057602138518817,16.996199999999998
462.419,0.40612611946227456,16.996199999999998
462.787,0.40982558442163286,16.996199999999998
463.154,0.4129615513165068,16.996199999999998
463.521,0.41319527202693557,16.992153157142855
463.888,0.40674800489837515,16.987964114285713
464.255,0.41077981557124416,16.9862
464.622,0.4079090745961169,16.9862
464.989,0.4098397960106186,16.9862
465.356,0.40639528353318594,16.9862
465.722,0.4088256364737178,16.9862
466.089,0.4257709872636767,16.985595428857142
466.456,0.42594529325870706,16.98484140114286
466.823,0.4210167826880245,16.9844
467.189,0.4130796958514488,16.9844
467.556,0.41671683528802606,16.9844
467.923,0.42285675540177364,16.9844
468.289,0.43534377662532636,16.9844
468.656,0.4329831118380139,16.97761904
469.022,0.44425684005490124,16.966966087142858
469.388,0.4442215679183823,16.963554337429446
469.755,0.4526844835474318,16.982773699332355
470.121,0.453804117045962,17.001940692401735
470.487,0.44903176273015927,17.037987676565827
470.854,0.44532425024450784,17.07707661744965
471.22,0.4493456162555922,17.112573105242188
471.586,0.4552042153970067,17.143992037236114
471.952,0.47015857393724714,17.1733
472.318,0.48448573909851267,17.1733
472.684,0.5027846153213942,17.1733
473.05,0.5027253718299595,17.1733
473.416,0.49689793544993544,17.1733
473.782,0.49616047383834816,17.197354492
474.148,0.5046090066544481,17.283330088000014
474.513,0.5134535804985494,17.369070778
474.879,0.5273641577561715,17.3791
475.245,0.5360407608918987,17.3791
475.61,0.5341763031513428,17.42450206857143
475.976,0.5358774132305442,17.517746738285716
476.342,0.5381339738479366,17.6023
476.707,0.5391303260926144,17.6023
477.073,0.543558520241412,17.6023
477.438,0.5578944178248256,17.6023
477.803,0.5791195115870681,17.6023
478.169,0.5908855086995471,17.629876393999993
478.534,0.5980008917344029,17.72228302685714
478.899,0.5999235656226114,17.81468965971429
479.264,0.60460277410217,17.8241
479.63,0.6119559872225828,17.8241
479.995,0.6258196491141557,17.8241
480.36,0.6333593251310206,17.8241
480.725,0.6342181845328599,17.794649349999986
481.09,0.643181587807758,17.50126454000002
481.455,0.6470339557666861,17.207879730000005
481.82,0.6580780726482731,17.1199
482.185,0.6699757409888252,17.1199
482.549,0.6840419608294364,17.1199
482.914,0.6800404567981393,17.1199
483.279,0.6783463669014489,17.1199
483.644,0.6855932499404139,16.85606472628571
484.008,0.6884008092729419,16.562694298285724
484.373,0.6944366252167695,16.413800000000002
484.737,0.6928641043342948,16.413800000000002
485.102,0.6994634183426068,16.413800000000002
485.466,0.7056757661929927,16.413800000000002
485.831,0.6884879622704572,16.413800000000002
486.195,0.6473029486136338,16.506195540714284
486.559,0.6105401362668792,16.6406864167143
486.924,0.6049493314046667,16.7375
487.288,0.6342375328407562,16.7375
487.652,0.6726509441974253,16.7375
488.016,0.6967048290636926,16.78652563311468
488.38,0.7207458721326835,16.842488405629982
488.744,0.7361663023020719,16.90892153930908
489.108,0.7341484278900551,16.98720035479377
489.472,0.7292661477895671,17.0606
489.836,0.7478393248022707,17.0606
490.2,0.7763737983502228,17.0606
490.564,0.7985253849799598,17.0606
490.928,0.7968639988603332,17.0606
491.292,0.7991774058336689,17.08589747028571
491.655,0.7956656023385084,17.187368986428567
492.019,0.7863092400669554,17.289120038428578
492.383,0.7705463619701988,17.305500000000002
492.746,0.7635355967771541,17.305500000000002
493.11,0.7861594190987319,17.34914013428573
493.473,0.8126092408888304,17.450487348857152
493.837,0.8155477865535766,17.5501
494.2,0.8077788416493388,17.5501
494.563,0.8123931562466611,17.5501
494.927,0.8267985707593304,17.5501
495.29,0.8455703675699073,17.5501
495.653,0.845747755596284,17.52483137157141
496.016,0.8334150071640106,17.395682038857128
496.38,0.8299417290606791,17.26617692285714
496.743,0.8319796366764469,17.2384
497.106,0.8446282933217175,17.2384
497.469,0.8506567466351067,17.2384
497.832,0.8512121971732979,17.2384
498.195,0.846367757568784,17.2384
498.557,0.830753159424578,17.11448262385713
498.92,0.8158535925527165,16.98475321714285
499.283,0.8175043627865947,16.9253
499.646,0.8350803314348021,16.9253
500.008,0.8419311734457658,16.9253
500.371,0.8340076133023213,16.9253
500.734,0.8202228856580068,16.9253
501.096,0.8092714009407729,16.98504231885715
501.459,0.8013094866294632,17.069277350428575
501.821,0.7974252710132896,17.1286
502.184,0.7917801881545893,17.1286
502.546,0.7951170007588646,17.1286
502.908,0.8052758897482049,17.1286
503.271,0.8175949402633835,17.1286
503.633,0.8208098414055158,17.167348997285718
503.995,0.8160838887838715,17.251765173571435
504.357,0.8015688909344445,17.332900000000002
504.719,0.7930570052517815,17.332900000000002
505.081,0.8020457496733046,17.332900000000002
505.443,0.8128439889430412,17.332900000000002
505.805,0.825264917716612,17.332900000000002
506.167,0.8419431591232237,17.339512999714287
506.529,0.8482633780707305,17.372816689428575
506.891,0.8492578468518077,17.40612037914286
507.253,0.8373786706993336,17.4135
507.615,0.8284721137803785,17.4135
507.976,0.82294517545662,17.4135
508.338,0.8154162865494673,17.4135
508.7,0.812660950525863,17.4135
509.061,0.8195503179286558,17.445020928857144
509.423,0.8490585421580794,17.47882045514286
509.784,0.8505815793150493,17.4953
510.146,0.836976808056567,17.4953
510.507,0.8299725493741422,17.479308589571417
510.868,0.8336048945397364,17.29549053542856
511.23,0.8377195776110286,17.111163289999972
511.591,0.8393337059166783,17.0492
511.952,0.8566213334100417,17.0492
512.313,0.8580936882737611,17.0492
512.675,0.8573361934584227,17.0492
513.036,0.8367175749755492,17.0492
513.397,0.8393525405526836,16.898473640714265
513.758,0.8292604289091801,16.712842541428543
514.119,0.8280192263964341,16.5987
514.479,0.8300216906517195,16.5987
514.84,0.8260092282867468,16.5987
515.201,0.8327977447749296,16.598069103774503
515.562,0.8496912147038921,16.597408814454198
515.923,0.8482822127067359,16.583484083577975
516.283,0.8549486465088119,16.5578029381277
516.644,0.8354910977236801,16.5346
517.005,0.7941030124459274,16.5346
517.365,0.7477026880792507,16.5346
517.726,0.7513661960062352,16.5346
518.086,0.7735376446157598,16.5346
518.447,0.788931021398886,16.527793369000005
518.807,0.7910526575328957,16.499481374714286
519.167,0.7914171933515789,16.471169380428567
519.527,0.8150108282034633,16.465700000000002
519.888,0.8326251510195359,16.465700000000002
520.248,0.8513457518649714,16.465700000000002
520.608,0.8630889761902805,16.465700000000002
520.968,0.8604629142592577,16.465700000000002
521.328,0.8616361408584211,16.578001257142848
521.688,0.8687445037107657,16.697166400000004
522.048,0.8832637821592849,16.755699999999997
522.408,0.8926958254227862,16.755699999999997
522.768,0.8870579339705604,16.755699999999997
523.128,0.8769295228467558,16.755699999999997
523.488,0.8667403272158435,16.755699999999997
523.847,0.8818309800311764,16.83177374199999
524.207,0.8955598886633298,16.950856702000003
524.567,0.9128197778745764,17.0455
524.926,0.9205942019456521,17.0455
525.286,0.92125872214871,17.0455
525.645,0.9173988203353798,17.0455
526.005,0.9190459948660207,17.0455
526.364,0.9143436711513648,17.079180328000003
526.724,0.8962136217566756,17.18133361942859
527.083,0.8646971116572014,17.28320315171429
527.442,0.8523549459069253,17.2941
527.802,0.8688891879600789,17.2941
528.161,0.8970185456099545,17.339525046571413
528.52,0.9144537681600136,17.439263759999992
528.879,0.929605376706418,17.5375
529.238,0.9435250288341154,17.5375
529.597,0.9522101931680269,17.5375
529.956,0.9505839079609554,17.5375
530.315,0.9458884332048467,17.5375
530.674,0.947447084946263,17.535623233428574
531.033,0.9545333599072924,17.521649979
531.391,0.9621041986855479,17.507715647285718
531.75,0.9726152953681863,17.5034
532.109,0.9668205627652258,17.5034
532.468,0.9584453138055827,17.5034
532.826,0.9457762815086338,17.5034
533.185,0.928982635150499,17.5034
533.543,0.9318770050326147,17.498683921285714
533.902,0.9446679487917068,17.49282416942857
534.26,0.9528858429287242,17.4891
534.619,0.9562632356123928,17.4891
534.977,0.9554482095452566,17.4891
535.335,0.9634489916963226,17.4891
535.694,0.9669399058679137,17.4891
536.052,0.9764508833786734,17.456355475999995
536.41,0.9766469348170916,17.38725590142858
536.768,0.969489773135097,17.32
537.126,0.9574784120826587,17.32
537.484,0.9518754503190244,17.32
537.842,0.9499262367164449,17.32
538.2,0.95850421484909,17.32
538.558,0.9612828373317553,17.31078277
538.916,0.9633933439081253,17.241111111428562
539.274,0.9592163353140521,17.171439452857147
539.631,0.9532199008818719,17.1495
539.989,0.9447069878554267,17.1495
540.347,0.9395553724600637,17.1495
540.704,0.932911540221194,17.1495
541.062,0.9279825159786202,17.1495
541.419,0.9270861585287341,17.200298286999995
541.777,0.9345390239960113,17.265229821000002
542.134,0.942546483881661,17.3084
542.492,0.9460266109435399,17.3084
542.849,0.9453364071459294,17.3084
543.206,0.9401103093263639,17.36360691200001
543.564,0.9399603171341766,17.42637269942857
543.921,0.9407609603883634,17.462
544.278,0.9465217906465143,17.462
544.635,0.9529611814727451,17.462
544.992,0.9487471885025163,17.462
545.349,0.9493637659957427,17.462
545.706,0.9452256252414257,17.46148882057143
546.063,0.9468258844060172,17.46051084457143
546.42,0.946144241806591,17.459600000000002
546.777,0.9431937104643868,17.459600000000002
547.134,0.9475143759639909,17.459600000000002
547.49,0.9434216095600503,17.459600000000002
547.847,0.9366613450258754,17.459600000000002
548.204,0.9371077258991998,17.459285028
548.561,0.9323081469731712,17.457288327
548.917,0.9407575359090896,17.455297219
549.274,0.9467163010692594,17.4547
549.63,0.9418679233135808,17.4547
549.987,0.9542347453146274,17.455966677697955
550.343,0.9497324111895545,17.461142418883046
550.699,0.9443977573770131,17.466318160068138
551.056,0.9414621225196497,17.471644479097044
551.412,0.9428019500354776,17.476993165911953
551.768,0.9397045085324325,17.480600000000003
552.124,0.9418771694076198,17.480600000000003
552.48,0.9525057257293457,17.480600000000003
552.836,0.9435212619069144,17.480600000000003
553.192,0.9402460899295653,17.480600000000003
553.548,0.9351889901621558,17.484865931428576
553.904,0.9389125977003936,17.495430994285716
554.26,0.9458820979181906,17.505996057142855
554.616,0.9517119314337062,17.5066
554.972,0.947874802407546,17.5066
555.328,0.9556142967900301,17.5066
555.683,0.9524160043723751,17.5066
556.039,0.9572630123363441,17.505062759285703
556.395,0.9461272906341861,17.420339082142853
556.75,0.9447682860344255,17.335853392857135
557.106,0.9411239551913736,17.298099999999998
557.461,0.9287932614466644,17.298099999999998
557.817,0.9417439571638736,17.298099999999998
558.172,0.9382693092688326,17.298099999999998
558.527,0.9398964505957224,17.298099999999998
558.883,0.929569077226117,17.244946338285693
559.238,0.9267488473202765,17.160014921142835
559.593,0.9284554365663158,17.0885
559.948,0.9319984028228667,17.0885
560.304,0.9215112774951442,17.0885
560.659,0.9357542004662771,17.117756531714285
561.014,0.9499187028620427,17.159979116000002
561.369,0.9494738630043916,17.1927
561.724,0.9485574723507543,17.1927
562.078,0.9449424208054922,17.1927
562.433,0.9447818127275566,17.1927
562.788,0.9477919300091228,17.1927
563.143,0.948846498401453,17.205051064
563.498,0.9550482303660904,17.24816510400001
563.852,0.9552007909177331,17.291157696000006
564.207,0.9506842452036743,17.299100000000003
564.561,0.9519593500612297,17.299100000000003
564.916,0.955401294179207,17.299100000000003
565.27,0.958277171873245,17.299100000000003
565.625,0.9522194392620658,17.299100000000003
565.979,0.9459370608105331,17.283984201714286
566.334,0.939495101624847,17.266641336000003
566.688,0.9456471786400159,17.2563
567.042,0.9482347151792099,17.2563
567.396,0.9582285442675587,17.2563
567.75,0.9628397768335347,17.2563
568.105,0.9606736224689673,17.2563
568.459,0.9596459362389355,17.168848077857177
568.813,0.9504789476712171,16.97671483071428
569.167,0.950280670321271,16.784581583571384
569.521,0.9500407855481495,16.7808
569.874,0.9564157961640354,16.7808
570.228,0.9575556340902803,16.7808
570.582,0.959194761094628,16.7808
570.936,0.9505844216328465,16.786790121142865
571.289,0.9435496850848859,17.00162935028571
571.643,0.9463378961095176,17.2170771891429
571.997,0.9508345798437889,17.314
572.35,0.9637815086337972,17.314
572.704,0.9717184242464091,17.314
573.057,0.9766813508337923,17.314
573.411,0.97952794923004,17.314
573.764,0.9773587128341265,17.322443558285716
574.117,0.980067304715645,17.336666785571428
574.471,0.9791426953117509,17.3493
574.824,0.9789476712171147,17.3493
575.177,0.980016279974467,17.3493
575.53,0.9729606541029371,17.3493
575.883,0.9733193683068552,17.3493
576.236,0.9706309808530516,17.352340285714284
576.589,0.9751471841191829,17.372486500000004
576.942,0.9790117089795326,17.392632714285718
577.295,0.9804790983483052,17.3993
577.648,0.9813150137390109,17.3993
578.001,0.9825098145575983,17.401351618285712
578.354,0.9791406406241867,17.412311158857143
578.707,0.9764025982209146,17.423270699428567
579.059,0.9709111032576387,17.426499999999997
579.412,0.9730664705124938,17.426499999999997
579.764,0.9789779778586867,17.426499999999997
580.117,0.983925151841411,17.426499999999997
580.469,0.9884682372698408,17.426499999999997
580.822,0.9880305888186642,17.45745762057143
581.174,0.9902272210487673,17.499564463999995
581.527,0.9907309619499259,17.531299999999998
581.879,0.9909074938564841,17.531299999999998
582.231,0.993170389760533,17.531299999999998
582.584,0.9971112805086859,17.531299999999998
582.936,0.9991996991937406,17.531299999999998
583.288,1.0,17.540916968
583.64,0.9964042967626343,17.575992611428568
583.992,0.9996096093628002,17.611068254857138
584.344,0.9973509940578434,17.6186
584.696,0.9952285018040157,17.6186
585.048,0.9965775754138825,17.6186
585.4,0.9888574293392947,17.6186
585.751,0.9814023379604897,17.6186
586.103,0.974679913922289,17.43032089600003
586.455,0.9707458721326834,17.19632255999998
586.807,0.9726974828707547,17.0362
587.158,0.9772838879619965,17.0362
587.51,0.9742049386470293,17.0362
587.861,0.9737284223560965,17.0362
588.213,0.9701649092239033,17.0362
588.564,0.9570953840758973,16.896288638303393
588.916,0.9361312356343094,16.47151003544421
589.267,0.9061214964152551,16.04793818997962
589.618,0.8753693300896666,15.59299562090532
589.97,0.8674245381747251,15.130637675192979
590.321,0.8759194726849835,14.8282
590.672,0.9010253575841257,14.8282
591.023,0.9156809303077373,14.8282
591.374,0.9219672469104347,15.12619597800003
591.725,0.9278768707930273,15.477598575000012
592.076,0.9204746876190005,15.7053
592.427,0.9222078165794109,15.7053
592.778,0.9169308652426312,15.7053
593.129,0.9253740901158569,15.7053
593.48,0.9294394606856081,15.7053
593.83,0.9277195159704015,15.782201940000032
594.181,0.9261160035505002,15.997506643714308
594.532,0.9201878874798297,16.212811347428584
594.882,0.911497586427008,16.2427
595.233,0.9096514496505662,16.2427
595.583,0.9122490884036173,16.31930651757144
595.934,0.9174914524997329,16.532407693428574
596.284,0.925514493766078,16.744901743428578
596.635,0.9267151161994306,16.7746
596.985,0.9276549645360926,16.7746
597.335,0.9258302307551114,16.7746
597.685,0.9244280777165024,16.7746
598.036,0.9249244559872226,16.7746
598.386,0.9198185573901632,16.85822972714286
598.736,0.9223713354647293,16.95550797714286
599.086,0.9165444127565963,17.0181
599.436,0.9275174716932543,17.0181
599.786,0.9261930543341579,17.0181
600.136,0.9305222810319463,17.0181
600.486,0.9287062796731129,17.0181
600.835,0.9242625041436199,17.022375260000004
601.185,0.9241015536177569,17.03467986
601.535,0.9220186140995399,17.04698446
601.885,0.9198914987986927,17.0489
602.234,0.9196379161084766,17.0489
602.584,0.9145029094375909,17.0489
602.933,0.9208767214857309,17.0489
603.283,0.9212914259257737,17.0489
603.632,0.9290482139285899,17.087638656
603.982,0.9324995753645702,17.134340205999997
604.331,0.9330735180908392,17.165799999999997
604.68,0.9325160128650838,17.165799999999997
605.03,0.9420685977990187,17.165799999999997
605.379,0.9317307797676285,17.165799999999997
605.728,0.9386906914434591,17.165799999999997
606.077,0.9319821365463167,17.155415064285705
606.426,0.9307551456225567,17.121554585714275
606.775,0.9301683610990112,17.087694107142855
607.124,0.9318564581569726,17.0808
607.473,0.9360865461797879,17.0808
607.822,0.9303286267290195,17.0808
608.171,0.9338346086094148,17.0808
608.52,0.9268562047455062,17.0808
608.868,0.9208212449214973,17.05456667657142
609.217,0.9246265262904123,17.020626526285714
609.566,0.9276811618025363,16.9956
609.914,0.931876833808651,16.9956
610.263,0.9221619285571435,16.9956
610.611,0.9225089995315312,16.9956
610.96,0.916846451828535,16.9956
611.308,0.921303240379268,16.98082411599999
611.657,0.9261202841495922,16.917524938999986
612.005,0.9273457340576792,16.854407134999995
612.353,0.9242748322690052,16.8367
612.701,0.9215419265846436,16.8367
613.05,0.9209672989625197,16.82358522857144
613.398,0.9213018705875585,16.75955382514285
613.746,0.9210835600338613,16.69552242171428
614.094,0.9141171418474107,16.6755
614.442,0.9132695832271744,16.6755
614.79,0.9123829855432183,16.6755
615.138,0.9215361049698781,16.6755
615.485,0.917548298855676,16.6755
615.833,0.9176215827121328,16.731501565285708
616.181,0.9134555324517354,16.817737407000017
616.529,0.9010046394845199,16.892599999999998
616.876,0.8968365345365584,16.892599999999998
617.224,0.8947708886386735,16.892599999999998
617.572,0.8987533868100016,16.892599999999998
617.919,0.9144921223278789,16.892599999999998
618.267,0.918720669335021,16.90026866100001
618.614,0.9262975009520052,16.984197104857152
618.961,0.926425576476841,17.0681255487143
619.309,0.9187477227212829,17.104499999999998
619.656,0.9172048235845258,17.104499999999998
620.003,0.9214270353050115,17.104499999999998
620.35,0.9222465131952036,17.104499999999998
620.698,0.933027458844608,17.104499999999998
621.045,0.9339084061377627,17.07613023571429
621.392,0.9307611384612855,17.02186786285713
621.739,0.9259923798487203,16.967605489999986
622.086,0.922817031442199,16.9675
622.433,0.9199990274478862,16.9675
622.779,0.9213047813949411,16.9675
623.126,0.919393237064372,16.9675
623.473,0.9163007610562738,16.9675
623.82,0.9108806664858542,16.915550905714277
624.166,0.9122508006432541,16.8607735202857
624.513,0.9069533024308324,16.8288
624.86,0.9081722458282993,16.8288
625.206,0.9036065588366632,16.8288
625.553,0.8994240710757523,16.8288
625.899,0.8982717338001583,16.8288
626.246,0.8984311433103482,16.80407808085715
626.592,0.9016066629408334,16.73610989028571
626.938,0.9071288069936085,16.668141699714276
627.284,0.9065731852314538,16.6567
627.631,0.90096234716549,16.6567
627.977,0.8880731208512433,16.6567
628.323,0.8758992682572688,16.6567
628.669,0.8726889901621558,16.6567
629.015,0.8795492494911223,16.57445736357143
629.361,0.8809753738846471,16.46770662614285
629.707,0.8854828447286306,16.386400000000002
630.053,0.8816845835422267,16.386400000000002
630.399,0.8785405691210595,16.386400000000002
630.744,0.8776270892748049,16.453653996571443
631.09,0.8807265854654142,16.549267587142868
631.436,0.8845215933965082,16.6285
631.781,0.8785679649552489,16.6285
632.127,0.8741476471087806,16.6285
632.473,0.8743714368293156,16.652040743304436
632.818,0.8833945972675394,16.688926062758437
633.164,0.8873824033817417,16.72712650305512
633.509,0.887142689832584,16.775891130029695
633.854,0.8897985447332878,16.82465575700427
634.2,0.8832211473923275,16.846
634.545,0.8781609655935718,16.846
634.89,0.8814291173884099,16.846
635.235,0.8828213394371252,16.846
635.58,0.886151474306817,16.846
635.925,0.8847364794709317,16.850328707142857
636.27,0.8773800130952087,16.859228425714285
636.615,0.874170248671987,16.868128144285716
636.96,0.8754429563940507,16.8686
637.305,0.8814203849662621,16.8686
637.65,0.8821246291288947,16.8686
637.995,0.8839601500195879,16.8686
638.34,0.8819335431854232,16.8686
638.684,0.8840267561414611,16.877356944571428
639.029,0.8789850665307833,16.887477421
639.374,0.8758273541925214,16.8943
639.718,0.870132445160389,16.8943
640.063,0.8622354247313153,16.8943
640.407,0.8611938693602251,16.8943
640.751,0.8593886551111038,16.8943
641.096,0.84968368084949,16.88922201942857
641.44,0.8489359458000816,16.867979577142854
641.784,0.8465573024965823,16.846737134857143
642.129,0.8470956306384051,16.8402
642.473,0.8461205101652242,16.8402
642.817,0.8472240486111682,16.8402
643.161,0.8471584698330771,16.8402
643.505,0.8455198565006206,16.8402
643.849,0.8394126401639367,16.816460320714278
644.193,0.8364869362964669,16.776998852142857
644.537,0.8383082455981743,16.7397
644.881,0.8337797142066578,16.7397
645.224,0.8333088483065265,16.7397
645.568,0.823897523142631,16.595830381714247
645.912,0.8192861193526912,16.311001035428504
646.256,0.8130393554856049,16.026171689142853
646.599,0.8024323733833033,16.0143
646.943,0.7964939838748121,16.0143
647.286,0.7946283275665103,16.0143
647.63,0.7791882066412981,16.0143
647.973,0.77587450927212,16.0143
648.316,0.7701093984148769,16.151640628571467
648.66,0.7715954511956913,16.312627714285718
649.003,0.7710778411534741,16.4243
649.346,0.7657063741887409,16.4243
649.689,0.7563387111355848,16.4243
650.033,0.7498869921839684,16.4243
650.376,0.7541234154934402,16.4243
650.719,0.7768783953712,16.374979128999914
651.062,0.7780675457989857,16.126879241999955
651.405,0.7850723181533016,15.878779354999994
651.747,0.764900936663571,15.790600000000001
652.09,0.7575153622140217,15.790600000000001
652.433,0.7537825085817451,15.790600000000001
652.776,0.7621909749903429,15.790600000000001
653.119,0.7629810023587813,15.790600000000001
653.461,0.7675848722943188,15.716996177857114
653.804,0.7698674589541915,15.578205882857135
654.146,0.7671991047041387,15.439820224285718
654.489,0.7605710250699278,15.4361
654.831,0.7518901413351087,15.4361
655.174,0.7456312205666007,15.4361
655.516,0.7380756207211131,15.4361
655.858,0.7178006487333537,15.4361
656.201,0.6786151885244329,15.499709843142874
656.543,0.643631906832247,15.573801798000009
656.885,0.6232713228626455,15.625899999999998
657.227,0.6398516241620299,15.625899999999998
657.569,0.6702666505031245,15.625899999999998
657.911,0.6987655094666305,15.625899999999998
658.253,0.7187161832671725,15.625899999999998
658.595,0.7321719896772496,15.676691071428651
658.937,0.7365207359068979,15.969467500000054
659.279,0.7377648492270266,16.262243928571458
659.621,0.7331339259052269,16.375899999999998
659.962,0.7310961895134226,16.375899999999998
660.304,0.7399614814571296,16.375899999999998
660.646,0.7467481144817119,16.375899999999998
660.987,0.7457048468709848,16.375899999999998
661.329,0.7485677115437825,16.40447832957143
661.67,0.7458305252603289,16.463524087142858
662.012,0.7527265703977054,16.522742999428566
662.353,0.7525683594552612,16.5276
662.695,0.7509821406556919,16.5276
663.036,0.7507662272374862,16.55145891657142
663.377,0.7403508447505471,16.619340130285714
663.718,0.7308778789597253,16.687221344000008
664.06,0.7390877255704498,16.702
664.401,0.7344208452162765,16.702
664.742,0.7293223092496555,16.702
665.083,0.7344085170908912,16.702
665.424,0.7389091389763273,16.702
665.765,0.7386964788134317,16.688304022857142
666.106,0.73653802952723,16.66713006628571
666.446,0.7330325613187257,16.6476
666.787,0.7237263676685323,16.6476
667.128,0.7284415331804646,16.6476
667.469,0.7271338957698092,16.6476
667.809,0.725074413934617,16.6476
668.15,0.7198582471049452,16.6476
668.49,0.7271927968133165,16.62797108285714
668.831,0.7205065010314531,16.60687497171428
669.171,0.72950517644287,16.5934
669.512,0.727341590437758,16.5934
669.852,0.7266349491396339,16.5934
670.192,0.7152192762568523,16.59011420139292
670.533,0.7138011993896207,16.585919206815937
670.873,0.718380926746279,16.581075406507637
671.213,0.7177176051109668,16.573770761904886
671.553,0.7141044370293053,16.56646611730213
671.893,0.7058072661971021,16.5638
672.233,0.7080422525950704,16.5638
672.573,0.7047136587410517,16.5638
672.913,0.7066553384892293,16.5638
673.253,0.7022326235072694,16.5638
673.593,0.7096029590240508,16.558119238857145
673.933,0.7051817850577642,16.546321433142857
674.272,0.7072078782200379,16.534558326857137
674.612,0.7059766066971856,16.5334
674.952,0.7056386105928732,16.5334
675.291,0.7010597393560335,16.5334
675.631,0.7027313989134812,16.5334
675.97,0.6996873792871056,16.5334
676.31,0.7010905596694966,16.521644354285716
676.649,0.6984316227374465,16.50585702742857
676.988,0.6973226051246646,16.4926
677.328,0.6921309233217997,16.4926
677.667,0.6897793334045624,16.4926
678.006,0.6929002325906323,16.4926
678.345,0.6901079121908723,16.4926
678.684,0.6910246452924368,16.4926
679.023,0.6917109109388827,16.473474232999997
679.362,0.6844993000364364,16.454243102
679.701,0.6884097129190535,16.4429
680.04,0.6833476476566973,16.4429
680.379,0.6792966598998957,16.4429
680.718,0.6821805851202266,16.404171059428574
681.057,0.6758780022409793,16.357273411999998
681.395,0.6760202893548007,16.3217
681.734,0.6766829260942582,16.3217
682.073,0.6765267698393782,16.3217
682.411,0.6743585607872467,16.3217
682.75,0.6731986896572507,16.3217
683.088,0.6684824968015364,16.31898943542857
683.427,0.6688504570994934,16.27658034171428
683.765,0.6625204783860568,16.23429634857143
684.103,0.6581592328070593,16.2121
684.442,0.6518028856032151,16.2121
684.78,0.6480746550179579,16.2121
685.118,0.6501882436256743,16.2121
685.456,0.6502509115963826,16.2121
685.794,0.6480573613976258,15.659161990857045
686.132,0.6438337798854306,13.778604544000174
686.47,0.6335195907610289,11.898047097142673
686.808,0.594760306997718,11.3377
687.146,0.5284661551864424,11.3377
687.484,0.46126862574276956,11.3377
687.822,0.44039762313742575,11.3377
688.159,0.4583881250017122,11.3377
688.497,0.4895716044918209,11.95551603857139
688.835,0.5116158336963281,13.154977121428765
689.172,0.5179367375396897,14.350889502857246
689.51,0.5108179300255603,14.446700000000002
689.847,0.5103258323539323,14.446700000000002
690.185,0.5119928688643605,14.446700000000002
690.522,0.5208699752615618,14.446700000000002
690.86,0.5282226747100836,14.446700000000002
691.197,0.5355161306671709,14.658141858285743
691.534,0.5418396028699876,14.948022710857149
691.871,0.5483880633610854,15.200299999999999
692.209,0.5530191579068486,15.200299999999999
692.546,0.5541516332026551,15.200299999999999
692.883,0.5513868798610484,15.200299999999999
693.22,0.540365706990595,15.200299999999999
693.557,0.5348505831203307,15.200299999999999
693.894,0.5324854665099625,14.569701444285649
694.23,0.52111482552963,13.896048564285651
694.567,0.5191133886181267,13.4438
694.904,0.516055328626729,13.4438
695.241,0.5204958509009121,13.4438
695.577,0.5230426361367491,13.4438
695.914,0.525952073727669,13.4438
696.251,0.5257486596588122,13.552140728428611
696.587,0.5341509620047177,14.394005480428607
696.924,0.5436407077439804,15.238375782285686
697.26,0.5518012418531637,15.638900000000001
697.596,0.5559083910700539,15.638900000000001
697.933,0.5512360315490427,15.638900000000001
698.269,0.5429270462633452,15.221233851428476
698.605,0.5365498097359316,14.767146171428477
698.942,0.530147060837929,14.4549
699.278,0.5195061763908181,14.4549
699.614,0.5155536424131347,14.4549
699.95,0.5083779885430622,14.4549
700.286,0.5066049643991135,14.4549
700.622,0.4995630364446782,14.475430258000022
700.958,0.49594798489941616,14.679731362000021
701.293,0.49400527780745657,14.883424427000035
701.629,0.4929570447017827,14.9876
701.965,0.48994658497228916,14.9876
702.301,0.48833879195329555,14.9876
702.636,0.48714638827019957,14.9876
702.972,0.4814626087957065,14.9876
703.308,0.48899543585402405,15.034264021142892
703.643,0.4960618488352661,15.205149004714333
703.978,0.4950160128650838,15.376033988285714
704.314,0.4957327563770653,15.4345
704.649,0.49587418737106836,15.4345
704.985,0.49814341856177347,15.4345
705.32,0.4957486802056879,15.4345
705.655,0.4919728493585266,15.4345
705.99,0.48610055230001725,15.395371484285691
706.325,0.48414996890572815,15.3050919035714
706.66,0.48536240579257517,15.21481232285714
706.995,0.4843821486004838,15.198400000000001
707.33,0.4843800939129196,15.198400000000001
707.665,0.4868501708130261,15.198400000000001
708.0,0.4839210424662826,15.198400000000001
708.335,0.4843124604472644,15.198400000000001
708.67,0.4814360690813355,15.209907565714289
709.004,0.47588926877778964,15.229426907428577
709.339,0.47400837353672,15.249004690285721
709.674,0.47440424334075765,15.249600000000001
710.008,0.47447667107739594,15.249600000000001
710.343,0.47237472569921013,15.249600000000001
710.677,0.4748872661423104,15.249600000000001
711.012,0.4691242099726316,15.249600000000001
711.346,0.46875744824242027,15.28305055600001
711.68,0.46636647681353577,15.328722765714286
712.015,0.4643444930263904,15.369399999999999
712.349,0.46123968889290695,15.369399999999999
712.683,0.45988856059547584,15.369399999999999
713.017,0.4544753149836036,15.369399999999999
713.351,0.45552594522476914,15.369399999999999
713.685,0.450307723707533,15.369399999999999
714.019,0.4497060426991471,15.120318985428504
714.353,0.4496171774619951,14.832789932285706
714.687,0.44265829312994665,14.615199999999998
715.021,0.4372715872324454,14.615199999999998
715.355,0.4322288702779855,14.615199999999998
715.689,0.43041252647122474,13.713354205428613
716.022,0.4270820491536057,12.263593131999553
716.356,0.42229599692070824,10.809478421713946
716.69,0.40049113881743137,10.801
717.023,0.377768520268808,10.801
717.357,0.3441190732537211,10.801
717.69,0.3246216292850509,10.801
718.023,0.31191287302852727,10.801
718.357,0.307213973793145,10.437227552857141
718.69,0.29508172862234566,9.94652398571412
719.023,0.29082013539021256,9.51
719.357,0.2823406110366858,9.51
719.69,0.2829061637887343,9.51
720.023,0.2788503817609494,9.51
720.356,0.27746192663943525,9.51
720.689,0.2799415920815081,9.51
721.022,0.29372392259033087,11.238013301143354
721.355,0.32027562263882153,13.267192281429061
721.688,0.3438093291034165,14.8486
722.02,0.3615792945024779,14.8486
722.353,0.3644635621707363,14.8486
722.686,0.36673964231998885,14.8486
723.019,0.3634115621378613,14.8486
723.351,0.3436564261038466,14.8486
723.684,0.3226039260969977,13.830081361714267
724.016,0.3079837967338686,12.76434822399991
724.349,0.3008610510685745,12.0363
724.681,0.2993436643024062,12.0363
725.013,0.3019140784452316,12.0363
725.346,0.29645443113920106,12.0363
725.678,0.29680150211358863,12.0363
726.01,0.29846049109772366,12.024894084285714
726.342,0.3011120653993354,11.772548425428553
726.675,0.29959793188847705,11.519442689285697
727.007,0.30550550108350527,11.3704
727.339,0.3092996528947808,11.3704
727.671,0.29941249633580713,11.3704
728.003,0.2886390845408047,11.3704
728.334,0.28998987039030844,11.3704
728.666,0.3052171599286613,11.431090252000097
728.998,0.303808671603396,11.90273675600013
729.33,0.29359875787287787,12.37438326000016
729.661,0.29193976888874273,12.615
729.993,0.2955700593667727,12.615
730.325,0.30238682780896337,12.615
730.656,0.2984550119308858,12.86869898742849
730.988,0.2952544936017029,13.168944468000042
731.319,0.2971079930085831,13.407300000000001
731.65,0.29549283735915116,13.407300000000001
731.982,0.29955341365791915,13.407300000000001
732.313,0.31093381440418166,13.407300000000001
732.644,0.32070094296461277,13.407300000000001
732.975,0.32977461447212336,13.407300000000001
733.307,0.32903800898035446,13.460673686571425
733.638,0.3325616269290092,13.518932429142863
733.969,0.3384118360962032,13.5615
734.3,0.34634138907837675,13.5615
734.631,0.34891214566912954,13.5615
734.961,0.34452179201630606,13.5615
735.292,0.3396223895194497,13.5615
735.623,0.3394008257104425,13.5615
735.954,0.3363143425410732,13.851158995999924
736.284,0.33180807026483555,14.148051415999987
736.615,0.3328811308452437,14.349700000000002
736.946,0.3289035981688624,14.349700000000002
737.276,0.3335901692788595,14.349700000000002
737.607,0.33417986460978744,14.349700000000002
737.937,0.33984960371925843,14.349700000000002
738.268,0.33986723978751787,14.346003280000017
738.598,0.33761769935263647,14.187047937142895
738.928,0.330659328692479,14.028092594285717
739.258,0.32931881628079634,13.927699999999998
739.589,0.32864727589522735,13.927699999999998
739.919,0.33352253581320424,13.927699999999998
740.249,0.33337305729290806,13.927699999999998
740.579,0.33840361734594643,13.927699999999998
740.909,0.3358773789857514,13.941468222285666
741.239,0.33206593355414377,14.164307039428571
741.569,0.3314711015043053,14.387145856571399
741.899,0.33210069201877157,14.519300000000001
742.228,0.3321003495708442,14.519300000000001
742.558,0.33350233138548957,14.519300000000001
742.888,0.3316217785923472,14.519300000000001
743.217,0.3365071407241815,14.519300000000001
743.547,0.3368446231566028,14.532474171714272
743.877,0.3399874390100241,14.676889997428537
744.206,0.336882977324468,14.820868199428578
744.535,0.3347300072051044,14.9027
744.865,0.3288166163953109,14.9027
745.194,0.33234691207854933,14.9027
745.523,0.33184128771379023,14.9027
745.853,0.3339577871288892,14.9027
746.182,0.3337814264462946,14.900565093714288
746.511,0.33117676751073233,14.88148816971429
746.84,0.3301115832326536,14.862411245714284
747.169,0.3288385330626625,14.8519
747.498,0.32897106041055396,14.8519
747.827,0.32824301611696927,14.8519
748.156,0.3279762491815494,14.834394301142858
748.485,0.3271557439475753,14.812125372142857
748.814,0.3240677197625329,14.792599999999998
749.142,0.3230188017610043,14.792599999999998
749.471,0.321200574490643,14.792599999999998
749.8,0.31642685038313073,14.792599999999998
750.128,0.3185188647714229,14.792599999999998
750.457,0.31855362323605074,14.792599999999998
750.785,0.3167694695344626,14.777946939285712
751.114,0.31400026436979994,14.759358204285714
751.442,0.3115033053073949,14.743100000000002
751.771,0.3115878899454549,14.743100000000002
752.099,0.3124537695298053,14.743100000000002
752.427,0.3120888912631945,14.743100000000002
752.755,0.31046380462386886,14.743100000000002
753.083,0.3091200389568762,14.743100000000002
753.412,0.30786393995928985,14.728490107428568
753.74,0.3068528624537353,14.709920434285715
754.068,0.30899401811960475,14.6935
754.396,0.30800537095329283,14.6935
754.723,0.30613988586895474,14.6935
755.051,0.30451051863053696,14.6935
755.379,0.3039841761661721,14.6935
755.707,0.3011497346713458,14.6935
756.035,0.29934417797429724,14.676102157857141
756.362,0.2974298940603091,14.653595355142858
756.69,0.29883992340124765,14.633199999999999
757.017,0.29719035173511515,14.633199999999999
757.345,0.29587774882951295,14.633199999999999
757.672,0.29332394341116486,14.633199999999999
758.0,0.2933206901558549,14.633199999999999
758.327,0.2908947890383788,14.633199999999999
758.654,0.2876675597708612,11.603451765142271
758.982,0.28471343272541977,7.522092192571865
759.309,0.26804152660546443,3.639107411599553
759.636,0.22144891772757036,2.2854619670046965
759.963,0.15802345220385786,0.9318165224098403
760.29,0.0960008246146091,0.6545289306797463
760.617,0.059255305888186637,2.065835263605052
760.944,0.04133671808864744,3.4771415965303576
761.271,0.041049404277585556,4.9974482737708055
761.598,0.05938903180382392,6.562255390725797
761.924,0.09709323350291353,8.078700000000001
762.251,0.1246214238162945,8.078700000000001
762.578,0.12840547341371272,8.078700000000001
762.905,0.1114281037425449,8.078700000000001
763.231,0.09837142039181523,8.078700000000001
763.558,0.09337801593889632,8.078700000000001
763.884,0.09617787019305844,8.463387241714413
764.211,0.10264225971798727,9.043301327571452
764.537,0.11255732578304144,9.621441975857104
764.863,0.12514827995255043,9.6324
765.19,0.13858953232571458,9.6324
765.516,0.15088118700670375,10.029341664571387
765.842,0.16408615030998389,11.367173339143019
766.168,0.17375979058624347,12.705005013714654
766.494,0.18624835282546934,13.227699999999999
766.82,0.1973845881995184,13.227699999999999
767.146,0.20729845569682676,13.227699999999999
767.472,0.2207232705694772,13.227699999999999
767.798,0.2266181691911928,13.227699999999999
768.124,0.23446947282196268,13.29935959828576
768.45,0.23748900742153148,13.604970021428665
768.776,0.2417052263032883,13.910580444571464
769.101,0.2402017086781784,14.049000000000001
769.427,0.24257059221574767,14.049000000000001
769.752,0.24247093986888354,14.049000000000001
770.078,0.2441441404420044,14.049000000000001
770.404,0.24407376739293024,14.049000000000001
770.729,0.2469689933948644,14.057105893714297
771.054,0.24608650508603663,14.106666722285718
771.38,0.24474838980984553,14.156380045714297
771.705,0.2412477158723245,14.182599999999999
772.03,0.24436947117821264,14.182599999999999
772.355,0.24166036562480306,14.182599999999999
772.681,0.2416423871086163,14.182599999999999
773.006,0.24118710258918027,14.182599999999999
773.331,0.2386608642289853,14.183615177
773.656,0.23940808560650267,14.195894094857143
773.981,0.23841875354433603,14.20817301271429
774.305,0.23793744298242006,14.215700000000002
774.63,0.2355579435591024,14.215700000000002
774.955,0.23280671691062654,14.215700000000002
775.28,0.22887199022516636,14.215700000000002
775.604,0.22935193099537282,14.215700000000002
775.929,0.2313240886090861,14.215700000000002
776.254,0.22871497785046807,14.206927129428571
776.578,0.22998614455685867,14.198088363142856
776.903,0.23047498897317673,14.1918
777.227,0.22670840422005428,14.1918
777.551,0.2244405428210586,14.1918
777.876,0.22180814560337955,14.1918
778.2,0.22091521263276706,14.1918
778.524,0.2197142477514869,14.1918
778.849,0.21826757648232012,14.178768714857139
779.173,0.21940210646569083,14.164123729714282
779.497,0.21754449768368223,14.152199999999999
779.821,0.21580366364490616,14.152199999999999
780.145,0.212105739701221,14.152199999999999
780.469,0.21090203523652193,14.152199999999999
780.793,0.2085994153728984,14.152199999999999
781.116,0.20882234897361504,14.152199999999999
781.44,0.20615108391617967,14.141627622857138
781.764,0.2050734002887521,14.127981159428566
782.087,0.20490816916379692,14.1153
782.411,0.20525250055476563,14.1153
782.735,0.20423731367408268,14.1153
783.058,0.202365664527052,14.105085718285718
783.382,0.19941033891386473,14.076757287428578
783.705,0.19689043584032612,14.048516289999995
784.028,0.1958278199217027,14.0387
784.352,0.19619612266758718,14.0387
784.675,0.19558279842967077,14.0387
784.998,0.19531534659839622,14.0387
785.321,0.1942939956550207,14.0387
785.645,0.19344849172234868,13.995365110000037
785.968,0.1944980946197321,13.810065824000032
786.291,0.19309388689355897,13.624766537999964
786.614,0.19183247995309832,13.5361
786.936,0.1900731537262444,13.5361
787.259,0.18951684706823482,13.5361
787.582,0.18876037959667852,13.5361
787.905,0.18658155465879858,13.5361
788.228,0.1865164895525986,13.521420689714333
788.55,0.1851730663335333,13.365179435714317
788.873,0.18472120629337105,13.208452960428545
789.195,0.18427020237302716,13.111
789.518,0.1805051586355779,13.111
789.84,0.1789406852793964,13.111
790.163,0.17733734408345864,13.111
790.485,0.17958397371095752,13.111
790.807,0.17973019897594372,13.111
791.13,0.1807306605957498,13.24058849285713
791.452,0.17937285456373503,13.377864682857144
791.774,0.1782494541380038,13.4845
792.096,0.17783218133850565,13.4845
792.418,0.17747654916593383,13.4845
792.74,0.17854567159517726,13.4845
793.062,0.17638122947024676,13.4845
793.384,0.1767666546124996,13.4845
793.706,0.17735806218306444,13.439024028285717
794.028,0.17917611822946203,13.380842446285712
794.349,0.18027383506064068,13.3262
794.671,0.17829945153539953,13.3262
794.993,0.1772733063210408,13.3262
795.314,0.17832376533824265,13.3262
795.636,0.18001494442755034,13.3262
795.957,0.1774589130976744,13.3262
796.279,0.17305879967892082,13.350298582142852
796.6,0.17022863878318661,13.38968642857143
796.921,0.17127242006580481,13.429074275000007
797.243,0.17477463501899898,13.433699999999998
797.564,0.1750576682309688,13.433699999999998
797.885,0.17861604464425138,13.433699999999998
798.206,0.17784553680767304,13.433699999999998
798.527,0.1768313772707722,13.433699999999998
798.848,0.17567630041175938,13.44501515657142
799.169,0.17520577695955555,13.471505773285712
799.49,0.17519464740191606,13.497996390000003
799.811,0.17225678663302457,13.506
800.132,0.1701372051865793,13.506
800.453,0.1669709316501333,13.506
800.774,0.16721372723063732,13.425155081714273
801.094,0.1661014563625455,13.341949504571419
801.415,0.16693000912281278,13.278200000000002
801.735,0.1669599733164575,13.278200000000002
802.056,0.16653876236579468,13.278200000000002
802.376,0.16753751174596387,13.278200000000002
802.697,0.16351203635975115,13.278200000000002
803.017,0.16235987030812093,13.278200000000002
803.337,0.16264581432747335,13.163302032285692
803.658,0.16191999594541656,13.013151897714277
803.978,0.1638627030373761,12.8684
804.298,0.1625095200523808,12.8684
804.618,0.16102843276651355,12.8684
804.938,0.15989578624674333,12.8684
805.258,0.16035346790167085,12.8684
805.578,0.16330177333234708,12.8684
805.898,0.16406902791361544,12.949422565714329
806.218,0.16440085995523518,13.094794908571417
806.538,0.16291241003892948,13.240167251428558
806.858,0.1626358833375797,13.266399999999999
807.177,0.16036476868327404,13.266399999999999
807.497,0.1587761527482131,13.266399999999999
807.816,0.1590759659086239,13.266399999999999
808.136,0.15975332790895813,13.266399999999999
808.455,0.15641137858577223,13.236948078571393
808.775,0.15403735832929244,13.148921107142854
809.094,0.15257716036699462,13.061169219999993
809.414,0.15351135831285495,13.0254
809.733,0.14929017393615127,13.0254
810.052,0.14830495124911305,13.0254
810.371,0.14734695317230062,13.0254
810.691,0.1481945117925368,13.0254
811.01,0.14672335549656318,12.974751337142722
811.329,0.1433543527871152,12.49644893485715
811.648,0.14200442305742988,12.018146532571409
811.967,0.14146917694695343,11.7118
812.285,0.13687489555338217,11.7118
812.604,0.13718892030277877,11.7118
812.923,0.1328696245948841,11.7118
813.242,0.12937066289699986,11.7118
813.56,0.1212911177226391,11.7118
813.879,0.11740536109079254,11.010568099856947
814.198,0.11509246778934794,10.195640719714333
814.516,0.11451355956813207,9.4737
814.835,0.1092316427364055,9.4737
815.153,0.1059347253156685,9.4737
815.471,0.10328982874864047,9.4737
815.79,0.10487399286064562,9.4737
816.108,0.10323606442404366,9.4737
816.426,0.0975553669808969,9.555165365142905
816.744,0.09580049257709873,9.689248066285733
817.062,0.09623300430936473,9.82333076742856
817.381,0.10282221610381925,9.8431
817.699,0.10071616135050505,9.8431
818.016,0.09919928825622776,9.844916313142857
818.334,0.09498032979105198,9.863536894000001
818.652,0.10029101224867745,9.88215747485715
818.97,0.10326534372183366,9.894400000000001
819.288,0.1028271815987661,9.894400000000001
819.605,0.10273266597081247,9.894400000000001
819.923,0.10004496341286344,9.894400000000001
820.241,0.10317562236486318,9.894400000000001
820.558,0.10965148389535886,9.894400000000001
820.876,0.11861677063385741,9.34511885942851
821.193,0.11964394319199824,8.68238579828558
821.511,0.11767606617737705,8.0628
821.828,0.11469694043323772,8.0628
822.145,0.11188801130900036,8.0628
822.462,0.10386240168320007,8.0628
822.78,0.09073911221059726,8.0628
823.097,0.07820928499612348,8.0628
823.414,0.07542518334662031,8.640103656285826
823.731,0.0856604382237637,9.701323243000227
824.048,0.0979058624345582,10.76254282971463
824.365,0.10445843230078433,10.9957
824.682,0.10966483936452621,10.9957
824.998,0.11302271251633478,10.9957
825.315,0.11532721584355882,10.9957
825.632,0.11215529191631123,10.9957
825.949,0.10872430613200958,10.913175516714292
826.265,0.10627854303474615,10.583756034999945
826.582,0.11006242140820066,10.253294086571337
826.898,0.11213508748859649,10.0824
827.215,0.11092419161742266,10.0824
827.531,0.1053172917026237,10.0824
827.847,0.09862620164977713,10.0824
828.164,0.09581299192644765,10.0824
828.48,0.09798171465047026,10.0824
828.796,0.09862003758708453,10.559122012000172
829.112,0.1000648253926508,11.064847464000083
829.428,0.09761615148800473,11.4845
829.744,0.10038638399644947,11.4845
830.06,0.1006295220248809,11.4845
830.376,0.10105997906958267,11.4845
830.692,0.1016231346861396,11.4845
831.008,0.10151800317243762,11.4845
831.324,0.10254705919417893,11.110221111428562
831.64,0.10130688402521512,10.511653685714165
831.955,0.09813735723345905,9.914980460714009
832.271,0.09839881622600469,9.825
832.587,0.09988641002249198,9.825
832.902,0.10138530460058245,9.882207866571434
833.218,0.10026087683106905,10.654700699142728
833.533,0.09935475961525289,11.42474893414293
833.848,0.09769320227166257,11.9667
834.164,0.09997904218684507,11.9667
834.479,0.1028593717039387,11.9667
834.794,0.10413533268131249,11.9667
835.109,0.10609190891433047,11.9667
835.424,0.10599961919790475,11.9667
835.739,0.10490292971050823,11.981112969142858
836.054,0.10442418750804752,12.000672489142856
836.369,0.10461835548286529,12.02023200914286
836.684,0.1053450299847405,12.0211
836.999,0.10549741931241934,12.0211
837.314,0.10633949876581769,12.0211
837.629,0.10573644796572233,12.0211
837.943,0.10460106186253319,12.0211
838.258,0.10525821943515268,12.040083466857144
838.573,0.10521918037143273,12.08876653685714
838.887,0.10484711069834723,12.137295057428567
839.202,0.10553765694388513,12.1565
839.516,0.10693450203961984,12.1565
839.831,0.10762487706119409,12.1565
840.145,0.10712250595174498,12.1565
840.459,0.1068437533388673,12.1565
840.773,0.1055797780389514,12.16141287757142
841.088,0.10472177475693045,12.323533972571404
841.402,0.10489608075196086,12.485140397428601
841.716,0.10460037696667844,12.6074
842.03,0.10426289453425713,12.6074
842.344,0.10443309115415908,12.6074
842.658,0.10541899873705203,12.6074
842.972,0.10501114325555655,12.6074
843.285,0.10464061459814421,12.6074
843.599,0.10370641665228386,12.57267110457141
843.913,0.10299121415597544,12.520056726285704
844.226,0.1022342330125281,12.467609909714279
844.54,0.1020871516277235,12.4606
844.854,0.10248558979121634,12.4606
845.167,0.10345283396206774,12.4606
845.481,0.10397917642643258,12.4606
845.794,0.1035230357871782,12.4606
846.107,0.10417728255241508,12.44540088814285
846.421,0.1031519934578748,12.390528535857124
846.734,0.1030187812141286,12.335830936285701
847.047,0.10224296543467601,12.307500000000001
847.36,0.10176353833636058,12.307500000000001
847.673,0.10185000643802104,12.307500000000001
847.986,0.10200479290119145,12.307500000000001
848.299,0.10171816398598428,12.307500000000001
848.612,0.10043740873762737,12.307500000000001
848.925,0.10050795301066522,12.22200713928571
849.238,0.09992527786224828,12.125294923714254
849.551,0.09657476734087815,12.0368
849.863,0.09152639999561667,12.0368
850.176,0.08941948912248404,12.0368
850.489,0.09064836350984468,12.002808212142842
850.801,0.09446580178018131,11.882971909285684
851.114,0.09587018073031815,11.76275151571425
851.426,0.09594671784208493,11.7003
851.739,0.09540958826800795,11.7003
852.051,0.09524281612737967,11.7003
852.363,0.09580391705637241,11.7003
852.675,0.0960859229245601,11.7003
852.988,0.09571847629849405,11.7003
853.3,0.09537774061076273,11.648725400000004
853.612,0.09243782515430703,11.589394855999997
853.924,0.0866951446363066,11.5337
854.236,0.07795296272248842,11.5337
854.548,0.07457197433558252,11.5337
854.86,0.07723365085105159,11.5337
855.172,0.08449885485413088,11.5337
855.483,0.08856251318424521,11.5337
855.795,0.09048296116092586,11.588487628571416
856.107,0.09129918579580788,11.71241937714286
856.418,0.09212756733211148,11.835953908571456
856.73,0.09350540656787729,11.881699999999999
857.041,0.09360659993041458,11.881699999999999
857.353,0.09353828156890463,11.881699999999999
857.664,0.0925220673444396,11.881699999999999
857.976,0.09266692281771634,11.881699999999999
858.287,0.09231796837972818,11.88259377785716
858.598,0.09210445209701414,12.05174378999999
858.909,0.09165670143198025,12.220893802142882
859.221,0.09103481599587966,12.367058993172225
859.532,0.09052371246428269,12.41332651359868
859.843,0.09008589278914247,12.459594034025116
860.154,0.09011345984729563,12.461302136724363
860.465,0.09019376388626346,12.38856910740538
860.775,0.09040864996068698,12.316069946347895
861.086,0.08944637128478244,12.240925913135621
861.397,0.0894652059207877,12.163842505885276
861.708,0.0886657612343467,12.086759098634959
862.018,0.08915169484328214,12.066500000000001
862.329,0.08950013560937924,12.066500000000001
862.64,0.08915169484328213,12.066500000000001
862.95,0.08926367531553153,12.066500000000001
863.261,0.08949722480199661,12.066500000000001
863.571,0.0881548289267134,12.057105528714278
863.881,0.08810483152931765,11.956932615857143
864.192,0.08842450666951583,11.856436564571409
864.502,0.08726377941970143,11.7834
864.812,0.0863992696270605,11.7834
865.122,0.08584621622436092,11.7834
865.432,0.08476596423747805,11.7834
865.742,0.08310081119065035,11.7834
866.052,0.07778276610258644,11.7834
866.362,0.07182571318205354,11.800606438285714
866.672,0.07013299307707271,11.82841848685715
866.982,0.07453396261564467,11.856230535428576
867.292,0.07920991783989327,11.862
867.602,0.08135792246431006,11.862
867.911,0.08154421413679837,11.862
868.221,0.08251796481826972,11.89066356271429
868.53,0.08248115166607765,11.920325752857142
868.84,0.08173992312728925,11.9461
869.149,0.08108379289845184,11.9461
869.459,0.08072473624660634,11.9461
869.768,0.08140021478334006,11.9461
870.078,0.0817707434407524,11.9461
870.387,0.08150157936984101,11.9461
870.696,0.08213955985852793,11.981063890285728
871.005,0.08116769264065707,12.055413351428575
871.314,0.08030643610332612,12.129762812571423
871.623,0.07932789115087159,12.1569
871.932,0.07953404480314724,12.1569
872.241,0.07899314830186922,12.1569
872.55,0.07991159364307063,12.1569
872.859,0.07925084036721376,12.1569
873.168,0.07852039893813746,12.1569
873.476,0.07780297053030116,12.225690056571436
873.785,0.0770634542311496,12.297253176428567
874.094,0.07665422895794466,12.3598
874.402,0.07657375369501314,12.3598
874.711,0.07669977453228462,12.3598
875.019,0.07677716776386984,12.3598
875.328,0.07590580901268153,12.3598
875.636,0.07488736887668862,12.3598
875.944,0.07529796394160304,12.346049352
876.253,0.07460382199282777,12.31497635614285
876.561,0.07548322827030923,12.284003920142851
876.869,0.07509163906536372,12.2717
877.177,0.07399169632265717,12.2717
877.485,0.0738312594686852,12.2717
877.793,0.07368674644333582,12.2717
878.101,0.07361996909749902,12.2717
878.409,0.07290887597631905,12.2717
878.717,0.0732417353617209,12.239027712714284
879.024,0.07210754782627754,12.203390143999998
879.332,0.0710557190173662,12.17
879.64,0.07100195469276943,12.17
879.947,0.07116307644259613,12.17
880.255,0.07087199570433318,12.17
880.563,0.06933988367728802,12.17
880.87,0.06731224949934113,12.17
881.177,0.06643712382095178,12.151476202571418
881.485,0.06767216227100507,12.101062498571423
881.792,0.06813104249367842,12.050812475428565
882.099,0.06829490382692407,12.0266
882.406,0.06716927748966492,12.0266
882.714,0.0669370977949093,12.0266
883.021,0.06677340768562731,12.0266
883.328,0.06674481328369208,12.0266
883.635,0.06636229894882184,12.0266
883.942,0.06518342195885693,12.023548084857143
884.249,0.06458345319010791,12.019798606142857
884.555,0.06462026634229998,12.016061340714286
884.862,0.0646254030612105,12.0159
885.169,0.06382013676000427,12.0159
885.475,0.0636381256866081,12.014568642857139
885.782,0.06270187305318352,12.001252737142853
886.089,0.061954138003775146,11.987936831428566
886.395,0.06080591010330969,11.9779
886.702,0.059999616458321345,11.9779
887.008,0.06019207219350225,11.9779
887.314,0.060741016221073425,11.9779
887.621,0.060797177681161794,11.9779
887.927,0.06038538404850159,11.9779
888.233,0.059826851478964105,11.924198026999992
888.539,0.06005389445480921,11.821755040999983
888.845,0.06054462233472778,11.719312054999975
889.151,0.06080299929592706,11.6846
889.457,0.06103535021464637,11.6846
889.763,0.05984140551587726,11.6846
890.069,0.05980904418674097,11.6846
890.375,0.05984209041173199,11.6846
890.681,0.05965888077059003,11.6846
890.986,0.059676174390922106,11.709073732571428
891.292,0.05946385667595385,11.73533937371429
891.598,0.05908322580468414,11.7598
891.903,0.05836596862081151,11.7598
892.209,0.058062388533199644,11.7598
892.514,0.05751823877661163,11.7598
892.819,0.05615118665055791,11.7598
893.125,0.05449938907289758,11.7598
893.43,0.053550123418233016,11.549765520000149
893.735,0.05449014297885863,10.914487468571387
894.04,0.05465588777570483,10.279209417142866
894.346,0.053841375380459654,9.934999999999999
894.651,0.05148293650467509,9.934999999999999
894.956,0.05026210964360759,9.934999999999999
895.261,0.048056402543429244,9.934999999999999
895.565,0.04691879052871221,9.934999999999999
895.87,0.047080425950429966,9.934999999999999
896.175,0.04613098907180175,9.459737617857263
896.48,0.044033837964599094,8.79344067428564
896.785,0.04221184376703679,8.127143730714263
897.089,0.04126497524786381,8.0211
897.394,0.04164012695229563,8.0211
897.698,0.041887545579819135,8.0211
898.003,0.042961462280045694,8.0211
898.307,0.045225385527876624,8.0211
898.612,0.04201733334429167,8.009724504000026
898.916,0.03638714697043168,7.878074871999977
899.22,0.03174355307531936,7.746425239999977
899.524,0.03503310786561796,7.6417
899.829,0.0403174218328361,7.6417
900.133,0.04209712371136845,7.6417
900.437,0.039294358649823696,7.6417
900.741,0.03715063462449901,7.6417
901.045,0.03750386966157926,7.6417
901.348,0.038065655486426736,7.526053253714338
901.652,0.038510152896150604,7.263656174857097
901.956,0.03951917571414092,7.001259095999954
902.26,0.03909060213303965,6.8855
902.564,0.03920241138132536,6.8855
902.867,0.03956403639262614,6.8855
903.171,0.041846280604571275,7.49782309357158
903.474,0.04628183738380741,8.403784652857247
903.778,0.04939982576249455,9.3127361842857
904.081,0.050276834904484424,9.504999999999999
904.384,0.04945307641520031,9.504999999999999
904.688,0.04903563239173852,9.504999999999999
904.991,0.0495628309759218,9.504999999999999
905.294,0.04892159723192491,9.504999999999999
905.597,0.04894830817025963,9.497382018714312
905.9,0.04798448847868194,8.576617957142933
906.203,0.045688203901714707,7.6558538955715525
906.506,0.04310494796161297,6.842700000000001
906.809,0.04098502406724035,6.842700000000001
907.112,0.03909608129987754,6.842700000000001
907.415,0.037585029820365504,6.842700000000001
907.718,0.037548216668173436,6.842700000000001
908.021,0.03692718735189127,6.842700000000001
908.323,0.037310386582616255,6.9707888812856975
908.626,0.035794540832121066,7.358040325428534
908.928,0.03645803369139689,7.744013711999973
909.231,0.03573700958032322,7.9624
909.533,0.03609657990405978,7.9624
909.836,0.0358620030738126,7.9624
910.138,0.03609863459162399,7.9624
910.44,0.03586474265723155,7.9624
910.742,0.03488688260063175,7.9624
911.045,0.036446390461866374,7.880937942857158
911.347,0.03820794260024821,7.754084137142869
911.649,0.03926388078428794,7.6272303314285805
911.951,0.03740438853867881,7.5944
912.253,0.03717083905221372,7.5944
912.555,0.03822249663716135,7.5944
912.857,0.03722682928833841,7.5944
913.158,0.03308971587780362,7.5944
913.46,0.029430659773874778,7.5944
913.762,0.02860775740440908,7.215605148857218
914.063,0.03132319824447495,6.812219611857175
914.365,0.03450162868234256,6.4203
914.667,0.037237273950123134,6.4203
914.968,0.03585943471435733,6.4203
915.269,0.03243084606554728,6.4203
915.571,0.028760146732087922,6.4203
915.872,0.028235858955287265,6.4203
916.173,0.03089599445508316,6.3619549799999895
916.475,0.03411962801936338,6.092390642857125
916.776,0.03522248156945255,5.823718902857198
917.077,0.034284859144318516,5.6383
917.378,0.030721003564198025,5.6383
917.679,0.02813124111347629,5.6383
917.98,0.02845434073294816,5.6383
918.281,0.03057135381993814,5.6383
918.582,0.032717988652645476,5.6383
918.882,0.034191542084110696,6.493542807999741
919.183,0.03543514173234818,8.255782051999926
919.484,0.03541887545579819,10.01802129600011
919.784,0.03498739106731431,10.7675
920.085,0.03644895882132164,10.7675
920.385,0.0379024790490358,10.7675
920.686,0.038057436736169896,10.147828646285467
920.986,0.03657429476273838,9.208410103428507
921.287,0.034909655387801726,8.265860165428409
921.587,0.03350972826072067,8.0241
921.887,0.03313543267610727,8.0241
922.187,0.03365372761417899,8.0241
922.487,0.03471771332451188,8.0241
922.787,0.03452628493311306,8.0241
923.087,0.03315255507247567,8.0241
923.387,0.03264265010862448,8.10551963828571
923.687,0.031230052408230808,8.195783809714298
923.987,0.030403725559491425,8.28604798114285
924.287,0.029986281536029637,8.2877
924.587,0.02965633295801041,8.2877
924.886,0.030038847292880647,8.2877
925.186,0.02991727827866494,8.2877
925.486,0.030360234672715668,8.2877
925.785,0.03009928935206113,8.30443339142858
926.085,0.029481684515052644,8.42894042000003
926.384,0.02934624635977853,8.553032425142874
926.683,0.02978389481095505,8.6513
926.983,0.030549608376550262,8.6513
927.282,0.029859747026867105,8.6513
927.581,0.027982789936962182,8.6513
927.88,0.025500556135434043,8.6513
928.18,0.02336779044378512,8.6513
928.479,0.02185382815689046,8.11464087699954
928.778,0.02071279166289974,6.601339556856858
929.076,0.020440888008569424,5.093099445142627
929.375,0.01971849410578628,4.2172
929.674,0.018971443952232627,4.2172
929.973,0.017508163958588452,4.2172
930.272,0.01631952720269356,4.2172
930.57,0.016067827976077954,4.2172
930.869,0.01537933641810426,4.2172
931.168,0.014618759571419565,3.787812297142719
931.466,0.013646036233730296,3.020443565714176
931.764,0.012369390360501787,2.2530748342856333
932.063,0.011244448919097363,1.9611999999999998
932.361,0.0100253342976667,1.9611999999999998
932.66,0.009543167615932319,1.9611999999999998
932.958,0.009416975554697152,1.9611999999999998
933.256,0.009295406540481449,1.9611999999999998
933.554,0.008788069936085519,1.9611999999999998
933.852,0.007801135009410464,1.9456343537142842
934.15,0.006979431207690557,1.9247834214285706
934.448,0.00676437390930335,1.903932489142857
934.746,0.007251163638057194,1.8999
935.044,0.008623181259057753,1.8999
935.342,0.009387696256907174,1.8999
935.639,0.009061343382125315,1.8301267234285683
935.937,0.008172006114750191,1.749308101714275
936.235,0.008094612883164987,1.6684894799999819
936.532,0.008476099874253124,1.6623
936.83,0.008341860286724801,1.6623
937.127,0.007739665606447883,1.6623
937.425,0.0073807801785660465,1.6623
937.722,0.007587105054805368,1.6623
938.019,0.007550805574504345,1.695636253714235
938.317,0.00761004906593903,2.8009737668571946
938.614,0.008142384369032845,3.9026020937145276
938.911,0.00961062985762385,4.9119
939.208,0.011506250359570324,4.9119
939.505,0.013124830488275957,4.9119
939.802,0.013948931425487438,4.9119
940.099,0.013448786227566232,4.9119
940.396,0.012268710669855538,4.9119
940.693,0.011316362983844681,4.852414773000034
940.989,0.010840702812730299,4.530532828999952
941.286,0.010526849287297376,4.20756344600002
941.583,0.010456305014259528,3.9592
941.879,0.010656294603842542,3.9592
942.176,0.010891042658053419,3.9592
942.472,0.010778719737876655,3.9592
942.769,0.01013115070722346,3.9592
943.065,0.00918171382859522,3.9592
943.362,0.008921624627759106,3.62224982228587
943.658,0.009500875296902347,2.576969714857035
943.954,0.00962398532679121,1.5316896074286008
944.25,0.008748517200474497,0.8654
944.546,0.007686243729778451,0.8654
944.842,0.007847879151496226,0.8654
945.138,0.008930528273870678,0.8654
945.434,0.009662339494656441,0.8654
945.73,0.009350540656787735,0.8654
946.026,0.00845726523824787,1.1582882331427382
946.322,0.00797595467633192,1.819418272000048
946.618,0.008024582282018194,2.4805483108573583
946.913,0.008422677997583684,2.8222
947.209,0.008605031518907234,2.8222
947.504,0.008934123977108044,2.8222
947.8,0.009060316038343211,2.8222
948.095,0.008994908484215889,2.8222
948.391,0.008580204044173045,2.8222
948.686,0.008546130475399916,2.5027701299999374
948.981,0.009120929321487375,1.9241143549999675
949.277,0.009783052389053722,1.343497034999821
949.572,0.009719357074563239,1.1037000000000001
949.867,0.008618558212038276,1.1037000000000001
950.162,0.007517930573477,1.1037000000000001
950.457,0.007163154520723577,1.1037000000000001
950.752,0.0079331486854109,1.1037000000000001
951.047,0.009260476851889896,1.1037000000000001
951.342,0.010205461907462354,1.4258996791428302
951.637,0.01023234406976075,1.9246851312856612
951.931,0.009297118780118295,2.4217797852858673
952.226,0.008127316660228643,2.585
952.521,0.007219487204775639,2.585
952.815,0.006968815321942145,2.585
953.11,0.007316742416148203,2.5963067428571445
953.404,0.007963626550946661,2.612414582857143
953.699,0.008648693629646678,2.6285772114285684
953.993,0.009054494423577957,2.633
954.287,0.009104491820973703,2.633
954.582,0.008733107043742928,2.633
954.876,0.00819032707886439,2.633
955.17,0.008027835537328193,2.633
955.464,0.008087592700653934,2.633
955.758,0.008061566658173954,3.073482614000098
956.052,0.00790558162725776,3.6462841160000394
956.346,0.007944107019086679,4.219085617999982
956.64,0.008135535410485487,4.3399
956.934,0.008012425380596624,4.3399
957.227,0.007791717691407843,4.3399
957.521,0.00811875546204444,4.3399
957.815,0.008739613554362924,4.3399
958.108,0.00931800810368775,4.3399
958.402,0.009265956018727789,4.3854671282857245
958.695,0.008828650015478645,4.440682936428581
958.989,0.008425760028930003,4.496087194428575
959.282,0.00796807837400245,4.505
959.575,0.007475980702374395,4.505
959.869,0.007198940329133553,4.505
960.162,0.007304243066799257,4.505
960.455,0.00771295466811316,4.505
960.748,0.008038965094967659,4.505
961.041,0.008163787364493354,4.6065712451428835
961.334,0.008194094006065437,4.724427397714264
961.627,0.008392200132047915,4.84228355028569
961.92,0.008609312117999335,4.8574
962.213,0.008614620060873542,4.8574
962.505,0.008330217057194287,4.8574
962.798,0.007943935795122991,4.8574
963.091,0.00771089998054896,4.8574
963.383,0.008003692958448739,4.8574
963.676,0.008515481385900466,4.682557754857105
963.968,0.008837211213662849,4.485612473142884
964.261,0.008576094669044623,4.287992721285745
964.553,0.008354873307964788,4.2665
964.846,0.008085195565162366,4.2665
965.138,0.008115673430698129,4.2665
965.43,0.008206764579378063,4.2665
965.722,0.00824871445048066,4.2665
966.014,0.008238954684550664,4.2665
966.306,0.00826412460721223,5.307540326857353
966.598,0.008099235930184455,6.472480500571256
966.89,0.007760383706053657,7.637420674285611
967.182,0.007585221591204842,7.7617
967.474,0.007813634358759402,7.7617
967.766,0.008277993748270639,7.7617
968.058,0.008799028269761297,7.7617
968.349,0.009128805623816844,7.7617
968.641,0.0091969527613631,7.7617
968.932,0.009039426714773756,7.710416811999994
969.224,0.008974190384610115,7.652523098285704
969.515,0.009068706012563727,7.59482765071429
969.807,0.00909113635180634,7.587999999999999
970.098,0.009128291951925795,7.587999999999999
970.389,0.008961348587333808,7.587999999999999
970.681,0.008808788035691293,7.679882709857176
970.972,0.008811870067037604,7.784544975428578
971.263,0.008748174752547121,7.889207241000022
971.554,0.0087678655083708,7.9031
971.845,0.00890433100742701,7.9031
972.136,0.00878755626419447,7.9031
972.427,0.008621297795457226,7.9031
972.718,0.008534658469833074,7.9031
973.008,0.008407096616888435,7.9031
973.299,0.008191525646610173,7.849898885571422
973.59,0.008183649344280706,7.786756084285698
973.88,0.007964825118692445,7.723830268571422
974.171,0.0078069566241757244,7.712999999999999
974.461,0.007594125237316413,7.712999999999999
974.752,0.007474610910664923,7.712999999999999
975.042,0.007378725491001839,7.712999999999999
975.333,0.007331467677025036,7.712999999999999
975.623,0.0073943068716970884,7.712999999999999
975.913,0.007376157131546576,7.7711134050000155
976.203,0.007318968327676091,7.844102055000003
976.493,0.007118465066202029,7.91709070500002
976.783,0.00708148069004627,7.9334999999999996
977.073,0.0068960451373764105,7.9334999999999996
977.363,0.006938679904333743,7.9334999999999996
977.653,0.007106821836671514,7.9334999999999996
977.943,0.00719637196967829,7.9334999999999996
978.233,0.007343795802410287,7.9334999999999996
978.523,0.007326673406041879,7.826307612999959
978.812,0.007161613505050418,7.680602771999973
979.102,0.007085247617247317,7.534393761999997
979.391,0.006918475476619024,7.4918000000000005
979.681,0.006953747613137945,7.4918000000000005
979.97,0.006901524304214296,7.4918000000000005
980.26,0.006815056202553839,7.4918000000000005
980.549,0.006726875861256543,7.4918000000000005
980.838,0.0066898914851007685,7.4918000000000005
981.128,0.006781838753599127,7.62139688342864
981.417,0.006749648648426517,7.819221635857194
981.706,0.006788174040255435,8.017046388285749
981.995,0.00683183615099488,8.0915
982.284,0.006912140189962708,8.0915
982.573,0.006808207244006474,8.0915
982.862,0.006786461800618596,8.0915
983.151,0.006754100471482307,8.0915
983.44,0.006667118697930794,8.0915
983.728,0.006558391480991396,8.106095081142858
984.017,0.006559247600809819,8.13228698600001
984.306,0.006560103720628235,8.158478890857149
984.594,0.00654554968371509,8.1709
984.883,0.006506853067922491,8.1709
985.171,0.006565925335393504,8.1709
985.459,0.006465245644747262,8.1709
985.748,0.0064203849662620265,8.1709
986.036,0.006351552932861034,8.1709
986.324,0.006348642125478403,8.299597876000016
986.612,0.006324328322635262,8.587467988000014
986.901,0.006335286656311041,8.87633764899999
987.189,0.006334601760456305,9.0466
987.477,0.0063120001972500036,9.0466
987.765,0.006244709179522154,9.0466
988.052,0.006224162303880076,9.108747776571441
988.34,0.006147453968149606,9.279918231428605
988.628,0.0060686909448549224,9.451088686285768
988.916,0.0060832449817680755,9.5673
989.204,0.006039754094992311,9.5673
989.491,0.006027939641498109,9.5673
989.779,0.006013043156657604,9.5673
990.066,0.005985647322468152,9.5673
990.354,0.005958251488278693,9.5673
990.641,0.005893357606042426,9.556704271714292
990.928,0.005893186382078738,9.510120973714283
991.216,0.005852948750612989,9.46337536457142
991.503,0.005760145362296214,9.4251
991.79,0.0057959311707061825,9.4251
992.077,0.005719222834975713,9.4251
992.364,0.005706381037699407,9.4251
992.651,0.005694566584205212,9.4251
992.938,0.005635665540697887,9.4251
993.225,0.005604845227234749,9.433003421428579
993.512,0.005585668143302133,9.541042603428558
993.799,0.005488755379856938,9.64908178542858
994.085,0.005546115407691104,9.754900000000001
994.372,0.005500227385423765,9.754900000000001
994.659,0.005415129075472787,9.754900000000001
994.945,0.005452455899555914,9.754900000000001
995.232,0.005426258633112254,9.754900000000001
995.518,0.005349721521345465,9.754900000000001
995.805,0.005310511233661811,9.754900000000001
996.091,0.005400232590632266,9.716836014142855
996.377,0.005320613447519167,9.674756793285717
996.663,0.0053137644889718096,9.63267757242856
996.95,0.005252466309972901,9.626000000000001
997.236,0.00521120133472504,9.626000000000001
997.522,0.0052483569348444874,9.626000000000001
997.808,0.005224385579928714,9.626000000000001
998.094,0.005133979327103523,9.626000000000001
998.379,0.005164457192639293,9.626000000000001
998.665,0.00512199364964564,9.620679945714286
998.951,0.005132438311430364,9.613236918285713
999.237,0.005103501461567753,9.605793890857141
999.522,0.005047340001479378,9.6032
999.808,0.005058983231009893,9.6032
1000.094,0.005034326980239384,9.6032
1000.379,0.0049848432547346866,9.6032
1000.665,0.005017889479725712,9.6032
1000.95,0.004883992340124757,9.6032
1001.235,0.004922004060062627,9.571206389999995
1001.521,0.004956248852799444,9.508593554000003
1001.806,0.004888444163180547,9.446199643999979
1002.091,0.004899060048928966,9.4114
1002.376,0.004852487130806891,9.4114
1002.661,0.004836905750111642,9.4114
1002.946,0.004799921373955875,9.4114
1003.231,0.004797866686391668,9.4114
1003.516,0.0048280021040000625,9.4114
1003.801,0.0047636218936548515,9.42099042828572
1004.085,0.004725610173716981,9.45347183285715
1004.37,0.004736910955320136,9.486067608571435
1004.655,0.004742732570085397,9.5116
1004.939,0.004681605615050177,9.5116
1005.224,0.0047143093921138335,9.5116
1005.508,0.0046185951964144295,9.506079158285704
1005.793,0.004600616680227605,9.465383234714281
1006.077,0.0046533536610423015,9.424830103857142
1006.361,0.0046050685032833875,9.3865
1006.646,0.004619280092269173,9.3865
1006.93,0.004612602357685488,9.3865
1007.214,0.004618252748487069,9.3865
1007.498,0.004580241028549199,9.3865
1007.782,0.0045941101696076085,9.3865
1008.066,0.004533668110427124,9.3865
1008.35,0.004517059385949772,9.33427264999999
1008.634,0.0045583243611976325,9.275501405999997
1008.918,0.004504731260564521,9.216730162000001
1009.202,0.004530072407189758,9.205200000000001
1009.485,0.004534353006281868,9.205200000000001
1009.769,0.004462610165498236,9.205200000000001
1010.052,0.004459528134151918,9.205200000000001
1010.336,0.004465520972880859,9.205200000000001
1010.619,0.0044389812585098306,9.205200000000001
1010.903,0.00449719740616242,9.234166457285722
1011.186,0.004472027483500863,9.28045583742858
1011.47,0.004438296362655096,9.326908784285719
1011.753,0.004398058731189337,9.3485
1012.036,0.004473910947101383,9.3485
1012.319,0.004370320449072518,9.3485
1012.602,0.004406619929373541,9.3485
1012.885,0.004396860163443546,9.3485
1013.168,0.004379052871220402,9.3485
1013.451,0.004394634251915659,9.345461289285712
1013.734,0.004401825658390384,9.33657812142857
1014.017,0.0043591908914330435,9.327694953571427
1014.299,0.004337103000117805,9.321
1014.582,0.004344465630556218,9.321
1014.865,0.004362957818634098,9.321
1015.147,0.0043074812544004505,9.321
1015.43,0.00431809714014887,9.321
1015.712,0.004361416802960938,9.321
1015.995,0.004360389459178835,9.320785607142856
1016.277,0.004265360159334174,9.315957364285714
1016.559,0.0043237475309504435,9.311129121428573
1016.842,0.004347033990011481,9.30628375714286
1017.124,0.004332822401025703,9.306000000000001
1017.406,0.004292584769559946,9.306000000000001
1017.688,0.0042542306016947065,9.306000000000001
1017.97,0.00430422799909046,9.306000000000001
1018.252,0.004332651177062015,9.306000000000001
1018.534,0.004285735811012573,9.306000000000001
1018.816,0.004253888153767339,9.275171007999992
1019.097,0.004252860809985228,9.232961436000002
1019.379,0.0042821401077752065,9.190601651999998
1019.661,0.00422923190299683,9.1744
1019.942,0.004209712371136847,9.1744
1020.224,0.004252347138094187,9.1744
1020.505,0.004241902476309449,9.1744
1020.787,0.004209883595100527,9.1744
1021.068,0.0042271772154326235,9.1744
1021.349,0.0041686186198526655,9.176345272142859
1021.631,0.00422152682463105,9.181334456428571
1021.912,0.004131976691624274,9.186305948571428
1022.193,0.004199438933315804,9.1899
1022.474,0.004199438933315804,9.1899
1022.755,0.004199438933315804,9.1899
